{
  "count": 1,
  "value": [
    {
      "id": 722,
      "rev": 1,
      "fields": {
        "System.AreaPath": "Server Migration Project Template",
        "System.TeamProject": "Server Migration Project Template",
        "System.IterationPath": "Server Migration Project Template",
        "System.WorkItemType": "Epic",
        "System.State": "New",
        "System.Reason": "New",
        "System.CreatedDate": "2020-06-26T02:08:24.037Z",
        "System.CreatedBy": "viswanadham kvn <kvn.shp10@outlook.com>",
        "System.ChangedDate": "2020-06-26T02:08:24.037Z",
        "System.ChangedBy": "viswanadham kvn <kvn.shp10@outlook.com>",
        "System.Title": "CAF Server Migration Project Plan",
        "Microsoft.VSTS.Scheduling.Effort": 0.0,
        "System.Description": null,
        "System.AssignedTo": null,
        "Microsoft.VSTS.Scheduling.RemainingWork": 0.0,
        "Microsoft.VSTS.Common.Priority": 2.0,
        "System.BoardLane": null,
        "System.Tags": null,
        "Microsoft.VSTS.TCM.Steps": null,
        "Microsoft.VSTS.TCM.Parameters": null,
        "Microsoft.VSTS.TCM.LocalDataSource": null,
        "Microsoft.VSTS.TCM.AutomationStatus": null,
        "System.History": null
      },
      "relations": [
        {
          "rel": "System.LinkTypes.Hierarchy-Forward",
          "url": "https://dev.azure.com/kvnshp10/_apis/wit/workItems/723",
          "attributes": {
            "isLocked": "false",
            "name": "Child"
          }
        },
        {
          "rel": "System.LinkTypes.Hierarchy-Forward",
          "url": "https://dev.azure.com/kvnshp10/_apis/wit/workItems/727",
          "attributes": {
            "isLocked": "false",
            "name": "Child"
          }
        },
        {
          "rel": "System.LinkTypes.Hierarchy-Forward",
          "url": "https://dev.azure.com/kvnshp10/_apis/wit/workItems/724",
          "attributes": {
            "isLocked": "false",
            "name": "Child"
          }
        },
        {
          "rel": "System.LinkTypes.Hierarchy-Forward",
          "url": "https://dev.azure.com/kvnshp10/_apis/wit/workItems/725",
          "attributes": {
            "isLocked": "false",
            "name": "Child"
          }
        },
        {
          "rel": "System.LinkTypes.Hierarchy-Forward",
          "url": "https://dev.azure.com/kvnshp10/_apis/wit/workItems/726",
          "attributes": {
            "isLocked": "false",
            "name": "Child"
          }
        }
      ],
      "url": "https://dev.azure.com/kvnshp10/_apis/wit/workItems/722"
    }
  ],
  "HttpStatusCode": 0,
  "Message": null
}