{
  "count": 58,
  "value": [
    {
      "id": 799,
      "rev": 1,
      "fields": {
        "System.AreaPath": "Server Migration Project Template",
        "System.TeamProject": "Server Migration Project Template",
        "System.IterationPath": "Server Migration Project Template",
        "System.WorkItemType": "Task",
        "System.State": "New",
        "System.Reason": "New",
        "System.CreatedDate": "2020-06-26T13:27:32.307Z",
        "System.CreatedBy": "viswanadham kvn <kvn.shp10@outlook.com>",
        "System.ChangedDate": "2020-06-26T13:27:32.307Z",
        "System.ChangedBy": "viswanadham kvn <kvn.shp10@outlook.com>",
        "System.Title": "Sign off on Project delivery",
        "Microsoft.VSTS.Scheduling.Effort": 0.0,
        "System.Description": null,
        "System.AssignedTo": null,
        "Microsoft.VSTS.Scheduling.RemainingWork": 0.0,
        "Microsoft.VSTS.Common.Priority": 2.0,
        "System.BoardLane": null,
        "System.Tags": null,
        "Microsoft.VSTS.TCM.Steps": null,
        "Microsoft.VSTS.TCM.Parameters": null,
        "Microsoft.VSTS.TCM.LocalDataSource": null,
        "Microsoft.VSTS.TCM.AutomationStatus": null,
        "System.History": null
      },
      "relations": [
        {
          "rel": "System.LinkTypes.Hierarchy-Reverse",
          "url": "https://dev.azure.com/kvnshp10/_apis/wit/workItems/741",
          "attributes": {
            "isLocked": "false",
            "name": "Parent"
          }
        }
      ],
      "url": "https://dev.azure.com/kvnshp10/_apis/wit/workItems/799"
    },
    {
      "id": 798,
      "rev": 1,
      "fields": {
        "System.AreaPath": "Server Migration Project Template",
        "System.TeamProject": "Server Migration Project Template",
        "System.IterationPath": "Server Migration Project Template",
        "System.WorkItemType": "Task",
        "System.State": "New",
        "System.Reason": "New",
        "System.CreatedDate": "2020-06-26T13:11:05.013Z",
        "System.CreatedBy": "viswanadham kvn <kvn.shp10@outlook.com>",
        "System.ChangedDate": "2020-06-26T13:11:05.013Z",
        "System.ChangedBy": "viswanadham kvn <kvn.shp10@outlook.com>",
        "System.Title": "Lessons Learnt documentation, Troubleshooting Guide for future supporting",
        "Microsoft.VSTS.Scheduling.Effort": 0.0,
        "System.Description": null,
        "System.AssignedTo": null,
        "Microsoft.VSTS.Scheduling.RemainingWork": 0.0,
        "Microsoft.VSTS.Common.Priority": 2.0,
        "System.BoardLane": null,
        "System.Tags": null,
        "Microsoft.VSTS.TCM.Steps": null,
        "Microsoft.VSTS.TCM.Parameters": null,
        "Microsoft.VSTS.TCM.LocalDataSource": null,
        "Microsoft.VSTS.TCM.AutomationStatus": null,
        "System.History": null
      },
      "relations": [
        {
          "rel": "System.LinkTypes.Hierarchy-Reverse",
          "url": "https://dev.azure.com/kvnshp10/_apis/wit/workItems/741",
          "attributes": {
            "isLocked": "false",
            "name": "Parent"
          }
        }
      ],
      "url": "https://dev.azure.com/kvnshp10/_apis/wit/workItems/798"
    },
    {
      "id": 797,
      "rev": 1,
      "fields": {
        "System.AreaPath": "Server Migration Project Template",
        "System.TeamProject": "Server Migration Project Template",
        "System.IterationPath": "Server Migration Project Template",
        "System.WorkItemType": "Task",
        "System.State": "New",
        "System.Reason": "New",
        "System.CreatedDate": "2020-06-26T13:10:44.95Z",
        "System.CreatedBy": "viswanadham kvn <kvn.shp10@outlook.com>",
        "System.ChangedDate": "2020-06-26T13:10:44.95Z",
        "System.ChangedBy": "viswanadham kvn <kvn.shp10@outlook.com>",
        "System.Title": "Server Migration Project documentation and Supported documents review",
        "Microsoft.VSTS.Scheduling.Effort": 0.0,
        "System.Description": null,
        "System.AssignedTo": null,
        "Microsoft.VSTS.Scheduling.RemainingWork": 0.0,
        "Microsoft.VSTS.Common.Priority": 2.0,
        "System.BoardLane": null,
        "System.Tags": null,
        "Microsoft.VSTS.TCM.Steps": null,
        "Microsoft.VSTS.TCM.Parameters": null,
        "Microsoft.VSTS.TCM.LocalDataSource": null,
        "Microsoft.VSTS.TCM.AutomationStatus": null,
        "System.History": null
      },
      "relations": [
        {
          "rel": "System.LinkTypes.Hierarchy-Reverse",
          "url": "https://dev.azure.com/kvnshp10/_apis/wit/workItems/741",
          "attributes": {
            "isLocked": "false",
            "name": "Parent"
          }
        }
      ],
      "url": "https://dev.azure.com/kvnshp10/_apis/wit/workItems/797"
    },
    {
      "id": 796,
      "rev": 1,
      "fields": {
        "System.AreaPath": "Server Migration Project Template",
        "System.TeamProject": "Server Migration Project Template",
        "System.IterationPath": "Server Migration Project Template",
        "System.WorkItemType": "Task",
        "System.State": "New",
        "System.Reason": "New",
        "System.CreatedDate": "2020-06-26T13:10:23.853Z",
        "System.CreatedBy": "viswanadham kvn <kvn.shp10@outlook.com>",
        "System.ChangedDate": "2020-06-26T13:10:23.853Z",
        "System.ChangedBy": "viswanadham kvn <kvn.shp10@outlook.com>",
        "System.Title": "Server Migration Project review meeting",
        "Microsoft.VSTS.Scheduling.Effort": 0.0,
        "System.Description": null,
        "System.AssignedTo": null,
        "Microsoft.VSTS.Scheduling.RemainingWork": 0.0,
        "Microsoft.VSTS.Common.Priority": 2.0,
        "System.BoardLane": null,
        "System.Tags": null,
        "Microsoft.VSTS.TCM.Steps": null,
        "Microsoft.VSTS.TCM.Parameters": null,
        "Microsoft.VSTS.TCM.LocalDataSource": null,
        "Microsoft.VSTS.TCM.AutomationStatus": null,
        "System.History": null
      },
      "relations": [
        {
          "rel": "System.LinkTypes.Hierarchy-Reverse",
          "url": "https://dev.azure.com/kvnshp10/_apis/wit/workItems/741",
          "attributes": {
            "isLocked": "false",
            "name": "Parent"
          }
        }
      ],
      "url": "https://dev.azure.com/kvnshp10/_apis/wit/workItems/796"
    },
    {
      "id": 795,
      "rev": 1,
      "fields": {
        "System.AreaPath": "Server Migration Project Template",
        "System.TeamProject": "Server Migration Project Template",
        "System.IterationPath": "Server Migration Project Template",
        "System.WorkItemType": "Task",
        "System.State": "New",
        "System.Reason": "New",
        "System.CreatedDate": "2020-06-26T13:09:53.27Z",
        "System.CreatedBy": "viswanadham kvn <kvn.shp10@outlook.com>",
        "System.ChangedDate": "2020-06-26T13:09:53.27Z",
        "System.ChangedBy": "viswanadham kvn <kvn.shp10@outlook.com>",
        "System.Title": "Documentation of monitoring and reporting process",
        "Microsoft.VSTS.Scheduling.Effort": 0.0,
        "System.Description": null,
        "System.AssignedTo": null,
        "Microsoft.VSTS.Scheduling.RemainingWork": 0.0,
        "Microsoft.VSTS.Common.Priority": 2.0,
        "System.BoardLane": null,
        "System.Tags": null,
        "Microsoft.VSTS.TCM.Steps": null,
        "Microsoft.VSTS.TCM.Parameters": null,
        "Microsoft.VSTS.TCM.LocalDataSource": null,
        "Microsoft.VSTS.TCM.AutomationStatus": null,
        "System.History": null
      },
      "relations": [
        {
          "rel": "System.LinkTypes.Hierarchy-Reverse",
          "url": "https://dev.azure.com/kvnshp10/_apis/wit/workItems/740",
          "attributes": {
            "isLocked": "false",
            "name": "Parent"
          }
        }
      ],
      "url": "https://dev.azure.com/kvnshp10/_apis/wit/workItems/795"
    },
    {
      "id": 794,
      "rev": 1,
      "fields": {
        "System.AreaPath": "Server Migration Project Template",
        "System.TeamProject": "Server Migration Project Template",
        "System.IterationPath": "Server Migration Project Template",
        "System.WorkItemType": "Task",
        "System.State": "New",
        "System.Reason": "New",
        "System.CreatedDate": "2020-06-26T13:09:34.943Z",
        "System.CreatedBy": "viswanadham kvn <kvn.shp10@outlook.com>",
        "System.ChangedDate": "2020-06-26T13:09:34.943Z",
        "System.ChangedBy": "viswanadham kvn <kvn.shp10@outlook.com>",
        "System.Title": "Automation of reporting and alerting configuration",
        "Microsoft.VSTS.Scheduling.Effort": 0.0,
        "System.Description": null,
        "System.AssignedTo": null,
        "Microsoft.VSTS.Scheduling.RemainingWork": 0.0,
        "Microsoft.VSTS.Common.Priority": 2.0,
        "System.BoardLane": null,
        "System.Tags": null,
        "Microsoft.VSTS.TCM.Steps": null,
        "Microsoft.VSTS.TCM.Parameters": null,
        "Microsoft.VSTS.TCM.LocalDataSource": null,
        "Microsoft.VSTS.TCM.AutomationStatus": null,
        "System.History": null
      },
      "relations": [
        {
          "rel": "System.LinkTypes.Hierarchy-Reverse",
          "url": "https://dev.azure.com/kvnshp10/_apis/wit/workItems/740",
          "attributes": {
            "isLocked": "false",
            "name": "Parent"
          }
        }
      ],
      "url": "https://dev.azure.com/kvnshp10/_apis/wit/workItems/794"
    },
    {
      "id": 793,
      "rev": 1,
      "fields": {
        "System.AreaPath": "Server Migration Project Template",
        "System.TeamProject": "Server Migration Project Template",
        "System.IterationPath": "Server Migration Project Template",
        "System.WorkItemType": "Task",
        "System.State": "New",
        "System.Reason": "New",
        "System.CreatedDate": "2020-06-26T13:09:12.4Z",
        "System.CreatedBy": "viswanadham kvn <kvn.shp10@outlook.com>",
        "System.ChangedDate": "2020-06-26T13:09:12.4Z",
        "System.ChangedBy": "viswanadham kvn <kvn.shp10@outlook.com>",
        "System.Title": "Configure Report Building",
        "Microsoft.VSTS.Scheduling.Effort": 0.0,
        "System.Description": null,
        "System.AssignedTo": null,
        "Microsoft.VSTS.Scheduling.RemainingWork": 0.0,
        "Microsoft.VSTS.Common.Priority": 2.0,
        "System.BoardLane": null,
        "System.Tags": null,
        "Microsoft.VSTS.TCM.Steps": null,
        "Microsoft.VSTS.TCM.Parameters": null,
        "Microsoft.VSTS.TCM.LocalDataSource": null,
        "Microsoft.VSTS.TCM.AutomationStatus": null,
        "System.History": null
      },
      "relations": [
        {
          "rel": "System.LinkTypes.Hierarchy-Reverse",
          "url": "https://dev.azure.com/kvnshp10/_apis/wit/workItems/740",
          "attributes": {
            "isLocked": "false",
            "name": "Parent"
          }
        }
      ],
      "url": "https://dev.azure.com/kvnshp10/_apis/wit/workItems/793"
    },
    {
      "id": 792,
      "rev": 1,
      "fields": {
        "System.AreaPath": "Server Migration Project Template",
        "System.TeamProject": "Server Migration Project Template",
        "System.IterationPath": "Server Migration Project Template",
        "System.WorkItemType": "Task",
        "System.State": "New",
        "System.Reason": "New",
        "System.CreatedDate": "2020-06-26T13:08:55.71Z",
        "System.CreatedBy": "viswanadham kvn <kvn.shp10@outlook.com>",
        "System.ChangedDate": "2020-06-26T13:08:55.71Z",
        "System.ChangedBy": "viswanadham kvn <kvn.shp10@outlook.com>",
        "System.Title": "Configure Monitoring System",
        "Microsoft.VSTS.Scheduling.Effort": 0.0,
        "System.Description": null,
        "System.AssignedTo": null,
        "Microsoft.VSTS.Scheduling.RemainingWork": 0.0,
        "Microsoft.VSTS.Common.Priority": 2.0,
        "System.BoardLane": null,
        "System.Tags": null,
        "Microsoft.VSTS.TCM.Steps": null,
        "Microsoft.VSTS.TCM.Parameters": null,
        "Microsoft.VSTS.TCM.LocalDataSource": null,
        "Microsoft.VSTS.TCM.AutomationStatus": null,
        "System.History": null
      },
      "relations": [
        {
          "rel": "System.LinkTypes.Hierarchy-Reverse",
          "url": "https://dev.azure.com/kvnshp10/_apis/wit/workItems/740",
          "attributes": {
            "isLocked": "false",
            "name": "Parent"
          }
        }
      ],
      "url": "https://dev.azure.com/kvnshp10/_apis/wit/workItems/792"
    },
    {
      "id": 791,
      "rev": 1,
      "fields": {
        "System.AreaPath": "Server Migration Project Template",
        "System.TeamProject": "Server Migration Project Template",
        "System.IterationPath": "Server Migration Project Template",
        "System.WorkItemType": "Task",
        "System.State": "New",
        "System.Reason": "New",
        "System.CreatedDate": "2020-06-26T13:08:32.223Z",
        "System.CreatedBy": "viswanadham kvn <kvn.shp10@outlook.com>",
        "System.ChangedDate": "2020-06-26T13:08:32.223Z",
        "System.ChangedBy": "viswanadham kvn <kvn.shp10@outlook.com>",
        "System.Title": "Cut over and Decommission",
        "Microsoft.VSTS.Scheduling.Effort": 0.0,
        "System.Description": null,
        "System.AssignedTo": null,
        "Microsoft.VSTS.Scheduling.RemainingWork": 0.0,
        "Microsoft.VSTS.Common.Priority": 2.0,
        "System.BoardLane": null,
        "System.Tags": null,
        "Microsoft.VSTS.TCM.Steps": null,
        "Microsoft.VSTS.TCM.Parameters": null,
        "Microsoft.VSTS.TCM.LocalDataSource": null,
        "Microsoft.VSTS.TCM.AutomationStatus": null,
        "System.History": null
      },
      "relations": [
        {
          "rel": "System.LinkTypes.Hierarchy-Reverse",
          "url": "https://dev.azure.com/kvnshp10/_apis/wit/workItems/739",
          "attributes": {
            "isLocked": "false",
            "name": "Parent"
          }
        }
      ],
      "url": "https://dev.azure.com/kvnshp10/_apis/wit/workItems/791"
    },
    {
      "id": 790,
      "rev": 1,
      "fields": {
        "System.AreaPath": "Server Migration Project Template",
        "System.TeamProject": "Server Migration Project Template",
        "System.IterationPath": "Server Migration Project Template",
        "System.WorkItemType": "Task",
        "System.State": "New",
        "System.Reason": "New",
        "System.CreatedDate": "2020-06-26T13:08:09.76Z",
        "System.CreatedBy": "viswanadham kvn <kvn.shp10@outlook.com>",
        "System.ChangedDate": "2020-06-26T13:08:09.76Z",
        "System.ChangedBy": "viswanadham kvn <kvn.shp10@outlook.com>",
        "System.Title": "Protect and recover",
        "Microsoft.VSTS.Scheduling.Effort": 0.0,
        "System.Description": null,
        "System.AssignedTo": null,
        "Microsoft.VSTS.Scheduling.RemainingWork": 0.0,
        "Microsoft.VSTS.Common.Priority": 2.0,
        "System.BoardLane": null,
        "System.Tags": null,
        "Microsoft.VSTS.TCM.Steps": null,
        "Microsoft.VSTS.TCM.Parameters": null,
        "Microsoft.VSTS.TCM.LocalDataSource": null,
        "Microsoft.VSTS.TCM.AutomationStatus": null,
        "System.History": null
      },
      "relations": [
        {
          "rel": "System.LinkTypes.Hierarchy-Reverse",
          "url": "https://dev.azure.com/kvnshp10/_apis/wit/workItems/739",
          "attributes": {
            "isLocked": "false",
            "name": "Parent"
          }
        }
      ],
      "url": "https://dev.azure.com/kvnshp10/_apis/wit/workItems/790"
    },
    {
      "id": 789,
      "rev": 1,
      "fields": {
        "System.AreaPath": "Server Migration Project Template",
        "System.TeamProject": "Server Migration Project Template",
        "System.IterationPath": "Server Migration Project Template",
        "System.WorkItemType": "Task",
        "System.State": "New",
        "System.Reason": "New",
        "System.CreatedDate": "2020-06-26T13:07:32.393Z",
        "System.CreatedBy": "viswanadham kvn <kvn.shp10@outlook.com>",
        "System.ChangedDate": "2020-06-26T13:07:32.393Z",
        "System.ChangedBy": "viswanadham kvn <kvn.shp10@outlook.com>",
        "System.Title": "Operational compliance",
        "Microsoft.VSTS.Scheduling.Effort": 0.0,
        "System.Description": null,
        "System.AssignedTo": null,
        "Microsoft.VSTS.Scheduling.RemainingWork": 0.0,
        "Microsoft.VSTS.Common.Priority": 2.0,
        "System.BoardLane": null,
        "System.Tags": null,
        "Microsoft.VSTS.TCM.Steps": null,
        "Microsoft.VSTS.TCM.Parameters": null,
        "Microsoft.VSTS.TCM.LocalDataSource": null,
        "Microsoft.VSTS.TCM.AutomationStatus": null,
        "System.History": null
      },
      "relations": [
        {
          "rel": "System.LinkTypes.Hierarchy-Reverse",
          "url": "https://dev.azure.com/kvnshp10/_apis/wit/workItems/739",
          "attributes": {
            "isLocked": "false",
            "name": "Parent"
          }
        }
      ],
      "url": "https://dev.azure.com/kvnshp10/_apis/wit/workItems/789"
    },
    {
      "id": 788,
      "rev": 1,
      "fields": {
        "System.AreaPath": "Server Migration Project Template",
        "System.TeamProject": "Server Migration Project Template",
        "System.IterationPath": "Server Migration Project Template",
        "System.WorkItemType": "Task",
        "System.State": "New",
        "System.Reason": "New",
        "System.CreatedDate": "2020-06-26T13:07:11.273Z",
        "System.CreatedBy": "viswanadham kvn <kvn.shp10@outlook.com>",
        "System.ChangedDate": "2020-06-26T13:07:11.273Z",
        "System.ChangedBy": "viswanadham kvn <kvn.shp10@outlook.com>",
        "System.Title": "Inventory and visibility",
        "Microsoft.VSTS.Scheduling.Effort": 0.0,
        "System.Description": null,
        "System.AssignedTo": null,
        "Microsoft.VSTS.Scheduling.RemainingWork": 0.0,
        "Microsoft.VSTS.Common.Priority": 2.0,
        "System.BoardLane": null,
        "System.Tags": null,
        "Microsoft.VSTS.TCM.Steps": null,
        "Microsoft.VSTS.TCM.Parameters": null,
        "Microsoft.VSTS.TCM.LocalDataSource": null,
        "Microsoft.VSTS.TCM.AutomationStatus": null,
        "System.History": null
      },
      "relations": [
        {
          "rel": "System.LinkTypes.Hierarchy-Reverse",
          "url": "https://dev.azure.com/kvnshp10/_apis/wit/workItems/739",
          "attributes": {
            "isLocked": "false",
            "name": "Parent"
          }
        }
      ],
      "url": "https://dev.azure.com/kvnshp10/_apis/wit/workItems/788"
    },
    {
      "id": 787,
      "rev": 1,
      "fields": {
        "System.AreaPath": "Server Migration Project Template",
        "System.TeamProject": "Server Migration Project Template",
        "System.IterationPath": "Server Migration Project Template",
        "System.WorkItemType": "Task",
        "System.State": "New",
        "System.Reason": "New",
        "System.CreatedDate": "2020-06-26T13:06:40.747Z",
        "System.CreatedBy": "viswanadham kvn <kvn.shp10@outlook.com>",
        "System.ChangedDate": "2020-06-26T13:06:40.747Z",
        "System.ChangedBy": "viswanadham kvn <kvn.shp10@outlook.com>",
        "System.Title": "Compliance",
        "Microsoft.VSTS.Scheduling.Effort": 0.0,
        "System.Description": null,
        "System.AssignedTo": null,
        "Microsoft.VSTS.Scheduling.RemainingWork": 0.0,
        "Microsoft.VSTS.Common.Priority": 2.0,
        "System.BoardLane": null,
        "System.Tags": null,
        "Microsoft.VSTS.TCM.Steps": null,
        "Microsoft.VSTS.TCM.Parameters": null,
        "Microsoft.VSTS.TCM.LocalDataSource": null,
        "Microsoft.VSTS.TCM.AutomationStatus": null,
        "System.History": null
      },
      "relations": [
        {
          "rel": "System.LinkTypes.Hierarchy-Reverse",
          "url": "https://dev.azure.com/kvnshp10/_apis/wit/workItems/738",
          "attributes": {
            "isLocked": "false",
            "name": "Parent"
          }
        }
      ],
      "url": "https://dev.azure.com/kvnshp10/_apis/wit/workItems/787"
    },
    {
      "id": 786,
      "rev": 1,
      "fields": {
        "System.AreaPath": "Server Migration Project Template",
        "System.TeamProject": "Server Migration Project Template",
        "System.IterationPath": "Server Migration Project Template",
        "System.WorkItemType": "Task",
        "System.State": "New",
        "System.Reason": "New",
        "System.CreatedDate": "2020-06-26T13:06:21.893Z",
        "System.CreatedBy": "viswanadham kvn <kvn.shp10@outlook.com>",
        "System.ChangedDate": "2020-06-26T13:06:21.893Z",
        "System.ChangedBy": "viswanadham kvn <kvn.shp10@outlook.com>",
        "System.Title": "Security Implementation and reporting",
        "Microsoft.VSTS.Scheduling.Effort": 0.0,
        "System.Description": null,
        "System.AssignedTo": null,
        "Microsoft.VSTS.Scheduling.RemainingWork": 0.0,
        "Microsoft.VSTS.Common.Priority": 2.0,
        "System.BoardLane": null,
        "System.Tags": null,
        "Microsoft.VSTS.TCM.Steps": null,
        "Microsoft.VSTS.TCM.Parameters": null,
        "Microsoft.VSTS.TCM.LocalDataSource": null,
        "Microsoft.VSTS.TCM.AutomationStatus": null,
        "System.History": null
      },
      "relations": [
        {
          "rel": "System.LinkTypes.Hierarchy-Reverse",
          "url": "https://dev.azure.com/kvnshp10/_apis/wit/workItems/738",
          "attributes": {
            "isLocked": "false",
            "name": "Parent"
          }
        }
      ],
      "url": "https://dev.azure.com/kvnshp10/_apis/wit/workItems/786"
    },
    {
      "id": 785,
      "rev": 1,
      "fields": {
        "System.AreaPath": "Server Migration Project Template",
        "System.TeamProject": "Server Migration Project Template",
        "System.IterationPath": "Server Migration Project Template",
        "System.WorkItemType": "Task",
        "System.State": "New",
        "System.Reason": "New",
        "System.CreatedDate": "2020-06-26T13:06:00.79Z",
        "System.CreatedBy": "viswanadham kvn <kvn.shp10@outlook.com>",
        "System.ChangedDate": "2020-06-26T13:06:00.79Z",
        "System.ChangedBy": "viswanadham kvn <kvn.shp10@outlook.com>",
        "System.Title": "Governance",
        "Microsoft.VSTS.Scheduling.Effort": 0.0,
        "System.Description": null,
        "System.AssignedTo": null,
        "Microsoft.VSTS.Scheduling.RemainingWork": 0.0,
        "Microsoft.VSTS.Common.Priority": 2.0,
        "System.BoardLane": null,
        "System.Tags": null,
        "Microsoft.VSTS.TCM.Steps": null,
        "Microsoft.VSTS.TCM.Parameters": null,
        "Microsoft.VSTS.TCM.LocalDataSource": null,
        "Microsoft.VSTS.TCM.AutomationStatus": null,
        "System.History": null
      },
      "relations": [
        {
          "rel": "System.LinkTypes.Hierarchy-Reverse",
          "url": "https://dev.azure.com/kvnshp10/_apis/wit/workItems/738",
          "attributes": {
            "isLocked": "false",
            "name": "Parent"
          }
        }
      ],
      "url": "https://dev.azure.com/kvnshp10/_apis/wit/workItems/785"
    },
    {
      "id": 784,
      "rev": 1,
      "fields": {
        "System.AreaPath": "Server Migration Project Template",
        "System.TeamProject": "Server Migration Project Template",
        "System.IterationPath": "Server Migration Project Template",
        "System.WorkItemType": "Task",
        "System.State": "New",
        "System.Reason": "New",
        "System.CreatedDate": "2020-06-26T13:05:34.43Z",
        "System.CreatedBy": "viswanadham kvn <kvn.shp10@outlook.com>",
        "System.ChangedDate": "2020-06-26T13:05:34.43Z",
        "System.ChangedBy": "viswanadham kvn <kvn.shp10@outlook.com>",
        "System.Title": "Release Management",
        "Microsoft.VSTS.Scheduling.Effort": 0.0,
        "System.Description": null,
        "System.AssignedTo": null,
        "Microsoft.VSTS.Scheduling.RemainingWork": 0.0,
        "Microsoft.VSTS.Common.Priority": 2.0,
        "System.BoardLane": null,
        "System.Tags": null,
        "Microsoft.VSTS.TCM.Steps": null,
        "Microsoft.VSTS.TCM.Parameters": null,
        "Microsoft.VSTS.TCM.LocalDataSource": null,
        "Microsoft.VSTS.TCM.AutomationStatus": null,
        "System.History": null
      },
      "relations": [
        {
          "rel": "System.LinkTypes.Hierarchy-Reverse",
          "url": "https://dev.azure.com/kvnshp10/_apis/wit/workItems/737",
          "attributes": {
            "isLocked": "false",
            "name": "Parent"
          }
        }
      ],
      "url": "https://dev.azure.com/kvnshp10/_apis/wit/workItems/784"
    },
    {
      "id": 783,
      "rev": 1,
      "fields": {
        "System.AreaPath": "Server Migration Project Template",
        "System.TeamProject": "Server Migration Project Template",
        "System.IterationPath": "Server Migration Project Template",
        "System.WorkItemType": "Task",
        "System.State": "New",
        "System.Reason": "New",
        "System.CreatedDate": "2020-06-26T13:05:18.62Z",
        "System.CreatedBy": "viswanadham kvn <kvn.shp10@outlook.com>",
        "System.ChangedDate": "2020-06-26T13:05:18.62Z",
        "System.ChangedBy": "viswanadham kvn <kvn.shp10@outlook.com>",
        "System.Title": "Transition to Support",
        "Microsoft.VSTS.Scheduling.Effort": 0.0,
        "System.Description": null,
        "System.AssignedTo": null,
        "Microsoft.VSTS.Scheduling.RemainingWork": 0.0,
        "Microsoft.VSTS.Common.Priority": 2.0,
        "System.BoardLane": null,
        "System.Tags": null,
        "Microsoft.VSTS.TCM.Steps": null,
        "Microsoft.VSTS.TCM.Parameters": null,
        "Microsoft.VSTS.TCM.LocalDataSource": null,
        "Microsoft.VSTS.TCM.AutomationStatus": null,
        "System.History": null
      },
      "relations": [
        {
          "rel": "System.LinkTypes.Hierarchy-Reverse",
          "url": "https://dev.azure.com/kvnshp10/_apis/wit/workItems/737",
          "attributes": {
            "isLocked": "false",
            "name": "Parent"
          }
        }
      ],
      "url": "https://dev.azure.com/kvnshp10/_apis/wit/workItems/783"
    },
    {
      "id": 782,
      "rev": 1,
      "fields": {
        "System.AreaPath": "Server Migration Project Template",
        "System.TeamProject": "Server Migration Project Template",
        "System.IterationPath": "Server Migration Project Template",
        "System.WorkItemType": "Task",
        "System.State": "New",
        "System.Reason": "New",
        "System.CreatedDate": "2020-06-26T13:04:59.763Z",
        "System.CreatedBy": "viswanadham kvn <kvn.shp10@outlook.com>",
        "System.ChangedDate": "2020-06-26T13:04:59.763Z",
        "System.ChangedBy": "viswanadham kvn <kvn.shp10@outlook.com>",
        "System.Title": "Server migration Functional Validation",
        "Microsoft.VSTS.Scheduling.Effort": 0.0,
        "System.Description": null,
        "System.AssignedTo": null,
        "Microsoft.VSTS.Scheduling.RemainingWork": 0.0,
        "Microsoft.VSTS.Common.Priority": 2.0,
        "System.BoardLane": null,
        "System.Tags": null,
        "Microsoft.VSTS.TCM.Steps": null,
        "Microsoft.VSTS.TCM.Parameters": null,
        "Microsoft.VSTS.TCM.LocalDataSource": null,
        "Microsoft.VSTS.TCM.AutomationStatus": null,
        "System.History": null
      },
      "relations": [
        {
          "rel": "System.LinkTypes.Hierarchy-Reverse",
          "url": "https://dev.azure.com/kvnshp10/_apis/wit/workItems/737",
          "attributes": {
            "isLocked": "false",
            "name": "Parent"
          }
        }
      ],
      "url": "https://dev.azure.com/kvnshp10/_apis/wit/workItems/782"
    },
    {
      "id": 781,
      "rev": 1,
      "fields": {
        "System.AreaPath": "Server Migration Project Template",
        "System.TeamProject": "Server Migration Project Template",
        "System.IterationPath": "Server Migration Project Template",
        "System.WorkItemType": "Task",
        "System.State": "New",
        "System.Reason": "New",
        "System.CreatedDate": "2020-06-26T13:04:27.823Z",
        "System.CreatedBy": "viswanadham kvn <kvn.shp10@outlook.com>",
        "System.ChangedDate": "2020-06-26T13:04:27.823Z",
        "System.ChangedBy": "viswanadham kvn <kvn.shp10@outlook.com>",
        "System.Title": "Migration: Documentation of implementation and Change request for performing the activity",
        "Microsoft.VSTS.Scheduling.Effort": 0.0,
        "System.Description": null,
        "System.AssignedTo": null,
        "Microsoft.VSTS.Scheduling.RemainingWork": 0.0,
        "Microsoft.VSTS.Common.Priority": 2.0,
        "System.BoardLane": null,
        "System.Tags": null,
        "Microsoft.VSTS.TCM.Steps": null,
        "Microsoft.VSTS.TCM.Parameters": null,
        "Microsoft.VSTS.TCM.LocalDataSource": null,
        "Microsoft.VSTS.TCM.AutomationStatus": null,
        "System.History": null
      },
      "relations": [
        {
          "rel": "System.LinkTypes.Hierarchy-Reverse",
          "url": "https://dev.azure.com/kvnshp10/_apis/wit/workItems/736",
          "attributes": {
            "isLocked": "false",
            "name": "Parent"
          }
        }
      ],
      "url": "https://dev.azure.com/kvnshp10/_apis/wit/workItems/781"
    },
    {
      "id": 780,
      "rev": 1,
      "fields": {
        "System.AreaPath": "Server Migration Project Template",
        "System.TeamProject": "Server Migration Project Template",
        "System.IterationPath": "Server Migration Project Template",
        "System.WorkItemType": "Task",
        "System.State": "New",
        "System.Reason": "New",
        "System.CreatedDate": "2020-06-26T13:03:58.383Z",
        "System.CreatedBy": "viswanadham kvn <kvn.shp10@outlook.com>",
        "System.ChangedDate": "2020-06-26T13:03:58.383Z",
        "System.ChangedBy": "viswanadham kvn <kvn.shp10@outlook.com>",
        "System.Title": "Test and Validate the VM Ware Virtual server migration to Azure",
        "Microsoft.VSTS.Scheduling.Effort": 0.0,
        "System.Description": null,
        "System.AssignedTo": null,
        "Microsoft.VSTS.Scheduling.RemainingWork": 0.0,
        "Microsoft.VSTS.Common.Priority": 2.0,
        "System.BoardLane": null,
        "System.Tags": null,
        "Microsoft.VSTS.TCM.Steps": null,
        "Microsoft.VSTS.TCM.Parameters": null,
        "Microsoft.VSTS.TCM.LocalDataSource": null,
        "Microsoft.VSTS.TCM.AutomationStatus": null,
        "System.History": null
      },
      "relations": [
        {
          "rel": "System.LinkTypes.Hierarchy-Reverse",
          "url": "https://dev.azure.com/kvnshp10/_apis/wit/workItems/736",
          "attributes": {
            "isLocked": "false",
            "name": "Parent"
          }
        }
      ],
      "url": "https://dev.azure.com/kvnshp10/_apis/wit/workItems/780"
    },
    {
      "id": 779,
      "rev": 1,
      "fields": {
        "System.AreaPath": "Server Migration Project Template",
        "System.TeamProject": "Server Migration Project Template",
        "System.IterationPath": "Server Migration Project Template",
        "System.WorkItemType": "Task",
        "System.State": "New",
        "System.Reason": "New",
        "System.CreatedDate": "2020-06-26T13:03:25.37Z",
        "System.CreatedBy": "viswanadham kvn <kvn.shp10@outlook.com>",
        "System.ChangedDate": "2020-06-26T13:03:25.37Z",
        "System.ChangedBy": "viswanadham kvn <kvn.shp10@outlook.com>",
        "System.Title": "Migrate VM Ware Virtual Servers to Azure",
        "Microsoft.VSTS.Scheduling.Effort": 0.0,
        "System.Description": null,
        "System.AssignedTo": null,
        "Microsoft.VSTS.Scheduling.RemainingWork": 0.0,
        "Microsoft.VSTS.Common.Priority": 2.0,
        "System.BoardLane": null,
        "System.Tags": null,
        "Microsoft.VSTS.TCM.Steps": null,
        "Microsoft.VSTS.TCM.Parameters": null,
        "Microsoft.VSTS.TCM.LocalDataSource": null,
        "Microsoft.VSTS.TCM.AutomationStatus": null,
        "System.History": null
      },
      "relations": [
        {
          "rel": "System.LinkTypes.Hierarchy-Reverse",
          "url": "https://dev.azure.com/kvnshp10/_apis/wit/workItems/736",
          "attributes": {
            "isLocked": "false",
            "name": "Parent"
          }
        }
      ],
      "url": "https://dev.azure.com/kvnshp10/_apis/wit/workItems/779"
    },
    {
      "id": 778,
      "rev": 1,
      "fields": {
        "System.AreaPath": "Server Migration Project Template",
        "System.TeamProject": "Server Migration Project Template",
        "System.IterationPath": "Server Migration Project Template",
        "System.WorkItemType": "Task",
        "System.State": "New",
        "System.Reason": "New",
        "System.CreatedDate": "2020-06-26T13:03:02.397Z",
        "System.CreatedBy": "viswanadham kvn <kvn.shp10@outlook.com>",
        "System.ChangedDate": "2020-06-26T13:03:02.397Z",
        "System.ChangedBy": "viswanadham kvn <kvn.shp10@outlook.com>",
        "System.Title": "Configure the Azure environment based on the assessment",
        "Microsoft.VSTS.Scheduling.Effort": 0.0,
        "System.Description": null,
        "System.AssignedTo": null,
        "Microsoft.VSTS.Scheduling.RemainingWork": 0.0,
        "Microsoft.VSTS.Common.Priority": 2.0,
        "System.BoardLane": null,
        "System.Tags": null,
        "Microsoft.VSTS.TCM.Steps": null,
        "Microsoft.VSTS.TCM.Parameters": null,
        "Microsoft.VSTS.TCM.LocalDataSource": null,
        "Microsoft.VSTS.TCM.AutomationStatus": null,
        "System.History": null
      },
      "relations": [
        {
          "rel": "System.LinkTypes.Hierarchy-Reverse",
          "url": "https://dev.azure.com/kvnshp10/_apis/wit/workItems/736",
          "attributes": {
            "isLocked": "false",
            "name": "Parent"
          }
        }
      ],
      "url": "https://dev.azure.com/kvnshp10/_apis/wit/workItems/778"
    },
    {
      "id": 777,
      "rev": 1,
      "fields": {
        "System.AreaPath": "Server Migration Project Template",
        "System.TeamProject": "Server Migration Project Template",
        "System.IterationPath": "Server Migration Project Template",
        "System.WorkItemType": "Task",
        "System.State": "New",
        "System.Reason": "New",
        "System.CreatedDate": "2020-06-26T13:00:32.393Z",
        "System.CreatedBy": "viswanadham kvn <kvn.shp10@outlook.com>",
        "System.ChangedDate": "2020-06-26T13:00:32.393Z",
        "System.ChangedBy": "viswanadham kvn <kvn.shp10@outlook.com>",
        "System.Title": "Prepare the VM Ware Virtual Server Assessment and requirement",
        "Microsoft.VSTS.Scheduling.Effort": 0.0,
        "System.Description": null,
        "System.AssignedTo": null,
        "Microsoft.VSTS.Scheduling.RemainingWork": 0.0,
        "Microsoft.VSTS.Common.Priority": 2.0,
        "System.BoardLane": null,
        "System.Tags": null,
        "Microsoft.VSTS.TCM.Steps": null,
        "Microsoft.VSTS.TCM.Parameters": null,
        "Microsoft.VSTS.TCM.LocalDataSource": null,
        "Microsoft.VSTS.TCM.AutomationStatus": null,
        "System.History": null
      },
      "relations": [
        {
          "rel": "System.LinkTypes.Hierarchy-Reverse",
          "url": "https://dev.azure.com/kvnshp10/_apis/wit/workItems/736",
          "attributes": {
            "isLocked": "false",
            "name": "Parent"
          }
        }
      ],
      "url": "https://dev.azure.com/kvnshp10/_apis/wit/workItems/777"
    },
    {
      "id": 776,
      "rev": 1,
      "fields": {
        "System.AreaPath": "Server Migration Project Template",
        "System.TeamProject": "Server Migration Project Template",
        "System.IterationPath": "Server Migration Project Template",
        "System.WorkItemType": "Task",
        "System.State": "New",
        "System.Reason": "New",
        "System.CreatedDate": "2020-06-26T12:59:57.003Z",
        "System.CreatedBy": "viswanadham kvn <kvn.shp10@outlook.com>",
        "System.ChangedDate": "2020-06-26T12:59:57.003Z",
        "System.ChangedBy": "viswanadham kvn <kvn.shp10@outlook.com>",
        "System.Title": "Test and Validate the  Hyper V Host and Virtual server migration to Azure",
        "Microsoft.VSTS.Scheduling.Effort": 0.0,
        "System.Description": null,
        "System.AssignedTo": null,
        "Microsoft.VSTS.Scheduling.RemainingWork": 0.0,
        "Microsoft.VSTS.Common.Priority": 2.0,
        "System.BoardLane": null,
        "System.Tags": null,
        "Microsoft.VSTS.TCM.Steps": null,
        "Microsoft.VSTS.TCM.Parameters": null,
        "Microsoft.VSTS.TCM.LocalDataSource": null,
        "Microsoft.VSTS.TCM.AutomationStatus": null,
        "System.History": null
      },
      "relations": [
        {
          "rel": "System.LinkTypes.Hierarchy-Reverse",
          "url": "https://dev.azure.com/kvnshp10/_apis/wit/workItems/735",
          "attributes": {
            "isLocked": "false",
            "name": "Parent"
          }
        }
      ],
      "url": "https://dev.azure.com/kvnshp10/_apis/wit/workItems/776"
    },
    {
      "id": 775,
      "rev": 1,
      "fields": {
        "System.AreaPath": "Server Migration Project Template",
        "System.TeamProject": "Server Migration Project Template",
        "System.IterationPath": "Server Migration Project Template",
        "System.WorkItemType": "Task",
        "System.State": "New",
        "System.Reason": "New",
        "System.CreatedDate": "2020-06-26T12:59:36.28Z",
        "System.CreatedBy": "viswanadham kvn <kvn.shp10@outlook.com>",
        "System.ChangedDate": "2020-06-26T12:59:36.28Z",
        "System.ChangedBy": "viswanadham kvn <kvn.shp10@outlook.com>",
        "System.Title": "Migrate Hyper V Host and Virtual Servers to Azure",
        "Microsoft.VSTS.Scheduling.Effort": 0.0,
        "System.Description": null,
        "System.AssignedTo": null,
        "Microsoft.VSTS.Scheduling.RemainingWork": 0.0,
        "Microsoft.VSTS.Common.Priority": 2.0,
        "System.BoardLane": null,
        "System.Tags": null,
        "Microsoft.VSTS.TCM.Steps": null,
        "Microsoft.VSTS.TCM.Parameters": null,
        "Microsoft.VSTS.TCM.LocalDataSource": null,
        "Microsoft.VSTS.TCM.AutomationStatus": null,
        "System.History": null
      },
      "relations": [
        {
          "rel": "System.LinkTypes.Hierarchy-Reverse",
          "url": "https://dev.azure.com/kvnshp10/_apis/wit/workItems/735",
          "attributes": {
            "isLocked": "false",
            "name": "Parent"
          }
        }
      ],
      "url": "https://dev.azure.com/kvnshp10/_apis/wit/workItems/775"
    },
    {
      "id": 774,
      "rev": 1,
      "fields": {
        "System.AreaPath": "Server Migration Project Template",
        "System.TeamProject": "Server Migration Project Template",
        "System.IterationPath": "Server Migration Project Template",
        "System.WorkItemType": "Task",
        "System.State": "New",
        "System.Reason": "New",
        "System.CreatedDate": "2020-06-26T12:59:13.65Z",
        "System.CreatedBy": "viswanadham kvn <kvn.shp10@outlook.com>",
        "System.ChangedDate": "2020-06-26T12:59:13.65Z",
        "System.ChangedBy": "viswanadham kvn <kvn.shp10@outlook.com>",
        "System.Title": "Configure the Azure environment based on the assessment",
        "Microsoft.VSTS.Scheduling.Effort": 0.0,
        "System.Description": null,
        "System.AssignedTo": null,
        "Microsoft.VSTS.Scheduling.RemainingWork": 0.0,
        "Microsoft.VSTS.Common.Priority": 2.0,
        "System.BoardLane": null,
        "System.Tags": null,
        "Microsoft.VSTS.TCM.Steps": null,
        "Microsoft.VSTS.TCM.Parameters": null,
        "Microsoft.VSTS.TCM.LocalDataSource": null,
        "Microsoft.VSTS.TCM.AutomationStatus": null,
        "System.History": null
      },
      "relations": [
        {
          "rel": "System.LinkTypes.Hierarchy-Reverse",
          "url": "https://dev.azure.com/kvnshp10/_apis/wit/workItems/735",
          "attributes": {
            "isLocked": "false",
            "name": "Parent"
          }
        }
      ],
      "url": "https://dev.azure.com/kvnshp10/_apis/wit/workItems/774"
    },
    {
      "id": 773,
      "rev": 1,
      "fields": {
        "System.AreaPath": "Server Migration Project Template",
        "System.TeamProject": "Server Migration Project Template",
        "System.IterationPath": "Server Migration Project Template",
        "System.WorkItemType": "Task",
        "System.State": "New",
        "System.Reason": "New",
        "System.CreatedDate": "2020-06-26T12:58:56.087Z",
        "System.CreatedBy": "viswanadham kvn <kvn.shp10@outlook.com>",
        "System.ChangedDate": "2020-06-26T12:58:56.087Z",
        "System.ChangedBy": "viswanadham kvn <kvn.shp10@outlook.com>",
        "System.Title": "Prepare the Hyper V Host and Virtual Server Assessment and requirement",
        "Microsoft.VSTS.Scheduling.Effort": 0.0,
        "System.Description": null,
        "System.AssignedTo": null,
        "Microsoft.VSTS.Scheduling.RemainingWork": 0.0,
        "Microsoft.VSTS.Common.Priority": 2.0,
        "System.BoardLane": null,
        "System.Tags": null,
        "Microsoft.VSTS.TCM.Steps": null,
        "Microsoft.VSTS.TCM.Parameters": null,
        "Microsoft.VSTS.TCM.LocalDataSource": null,
        "Microsoft.VSTS.TCM.AutomationStatus": null,
        "System.History": null
      },
      "relations": [
        {
          "rel": "System.LinkTypes.Hierarchy-Reverse",
          "url": "https://dev.azure.com/kvnshp10/_apis/wit/workItems/735",
          "attributes": {
            "isLocked": "false",
            "name": "Parent"
          }
        }
      ],
      "url": "https://dev.azure.com/kvnshp10/_apis/wit/workItems/773"
    },
    {
      "id": 772,
      "rev": 1,
      "fields": {
        "System.AreaPath": "Server Migration Project Template",
        "System.TeamProject": "Server Migration Project Template",
        "System.IterationPath": "Server Migration Project Template",
        "System.WorkItemType": "Task",
        "System.State": "New",
        "System.Reason": "New",
        "System.CreatedDate": "2020-06-26T12:58:19.973Z",
        "System.CreatedBy": "viswanadham kvn <kvn.shp10@outlook.com>",
        "System.ChangedDate": "2020-06-26T12:58:19.973Z",
        "System.ChangedBy": "viswanadham kvn <kvn.shp10@outlook.com>",
        "System.Title": "Test and Validate the physical server migration to Azure",
        "Microsoft.VSTS.Scheduling.Effort": 0.0,
        "System.Description": null,
        "System.AssignedTo": null,
        "Microsoft.VSTS.Scheduling.RemainingWork": 0.0,
        "Microsoft.VSTS.Common.Priority": 2.0,
        "System.BoardLane": null,
        "System.Tags": null,
        "Microsoft.VSTS.TCM.Steps": null,
        "Microsoft.VSTS.TCM.Parameters": null,
        "Microsoft.VSTS.TCM.LocalDataSource": null,
        "Microsoft.VSTS.TCM.AutomationStatus": null,
        "System.History": null
      },
      "relations": [
        {
          "rel": "System.LinkTypes.Hierarchy-Reverse",
          "url": "https://dev.azure.com/kvnshp10/_apis/wit/workItems/734",
          "attributes": {
            "isLocked": "false",
            "name": "Parent"
          }
        }
      ],
      "url": "https://dev.azure.com/kvnshp10/_apis/wit/workItems/772"
    },
    {
      "id": 771,
      "rev": 1,
      "fields": {
        "System.AreaPath": "Server Migration Project Template",
        "System.TeamProject": "Server Migration Project Template",
        "System.IterationPath": "Server Migration Project Template",
        "System.WorkItemType": "Task",
        "System.State": "New",
        "System.Reason": "New",
        "System.CreatedDate": "2020-06-26T12:58:04.947Z",
        "System.CreatedBy": "viswanadham kvn <kvn.shp10@outlook.com>",
        "System.ChangedDate": "2020-06-26T12:58:04.947Z",
        "System.ChangedBy": "viswanadham kvn <kvn.shp10@outlook.com>",
        "System.Title": "Migrate Physical Servers to Azure",
        "Microsoft.VSTS.Scheduling.Effort": 0.0,
        "System.Description": null,
        "System.AssignedTo": null,
        "Microsoft.VSTS.Scheduling.RemainingWork": 0.0,
        "Microsoft.VSTS.Common.Priority": 2.0,
        "System.BoardLane": null,
        "System.Tags": null,
        "Microsoft.VSTS.TCM.Steps": null,
        "Microsoft.VSTS.TCM.Parameters": null,
        "Microsoft.VSTS.TCM.LocalDataSource": null,
        "Microsoft.VSTS.TCM.AutomationStatus": null,
        "System.History": null
      },
      "relations": [
        {
          "rel": "System.LinkTypes.Hierarchy-Reverse",
          "url": "https://dev.azure.com/kvnshp10/_apis/wit/workItems/734",
          "attributes": {
            "isLocked": "false",
            "name": "Parent"
          }
        }
      ],
      "url": "https://dev.azure.com/kvnshp10/_apis/wit/workItems/771"
    },
    {
      "id": 770,
      "rev": 1,
      "fields": {
        "System.AreaPath": "Server Migration Project Template",
        "System.TeamProject": "Server Migration Project Template",
        "System.IterationPath": "Server Migration Project Template",
        "System.WorkItemType": "Task",
        "System.State": "New",
        "System.Reason": "New",
        "System.CreatedDate": "2020-06-26T12:57:47.813Z",
        "System.CreatedBy": "viswanadham kvn <kvn.shp10@outlook.com>",
        "System.ChangedDate": "2020-06-26T12:57:47.813Z",
        "System.ChangedBy": "viswanadham kvn <kvn.shp10@outlook.com>",
        "System.Title": "Configure the Azure environment based on the assessment",
        "Microsoft.VSTS.Scheduling.Effort": 0.0,
        "System.Description": null,
        "System.AssignedTo": null,
        "Microsoft.VSTS.Scheduling.RemainingWork": 0.0,
        "Microsoft.VSTS.Common.Priority": 2.0,
        "System.BoardLane": null,
        "System.Tags": null,
        "Microsoft.VSTS.TCM.Steps": null,
        "Microsoft.VSTS.TCM.Parameters": null,
        "Microsoft.VSTS.TCM.LocalDataSource": null,
        "Microsoft.VSTS.TCM.AutomationStatus": null,
        "System.History": null
      },
      "relations": [
        {
          "rel": "System.LinkTypes.Hierarchy-Reverse",
          "url": "https://dev.azure.com/kvnshp10/_apis/wit/workItems/734",
          "attributes": {
            "isLocked": "false",
            "name": "Parent"
          }
        }
      ],
      "url": "https://dev.azure.com/kvnshp10/_apis/wit/workItems/770"
    },
    {
      "id": 769,
      "rev": 1,
      "fields": {
        "System.AreaPath": "Server Migration Project Template",
        "System.TeamProject": "Server Migration Project Template",
        "System.IterationPath": "Server Migration Project Template",
        "System.WorkItemType": "Task",
        "System.State": "New",
        "System.Reason": "New",
        "System.CreatedDate": "2020-06-26T12:57:30.793Z",
        "System.CreatedBy": "viswanadham kvn <kvn.shp10@outlook.com>",
        "System.ChangedDate": "2020-06-26T12:57:30.793Z",
        "System.ChangedBy": "viswanadham kvn <kvn.shp10@outlook.com>",
        "System.Title": "Prepare the Physical Server Assessment and requirement",
        "Microsoft.VSTS.Scheduling.Effort": 0.0,
        "System.Description": null,
        "System.AssignedTo": null,
        "Microsoft.VSTS.Scheduling.RemainingWork": 0.0,
        "Microsoft.VSTS.Common.Priority": 2.0,
        "System.BoardLane": null,
        "System.Tags": null,
        "Microsoft.VSTS.TCM.Steps": null,
        "Microsoft.VSTS.TCM.Parameters": null,
        "Microsoft.VSTS.TCM.LocalDataSource": null,
        "Microsoft.VSTS.TCM.AutomationStatus": null,
        "System.History": null
      },
      "relations": [
        {
          "rel": "System.LinkTypes.Hierarchy-Reverse",
          "url": "https://dev.azure.com/kvnshp10/_apis/wit/workItems/734",
          "attributes": {
            "isLocked": "false",
            "name": "Parent"
          }
        }
      ],
      "url": "https://dev.azure.com/kvnshp10/_apis/wit/workItems/769"
    },
    {
      "id": 768,
      "rev": 1,
      "fields": {
        "System.AreaPath": "Server Migration Project Template",
        "System.TeamProject": "Server Migration Project Template",
        "System.IterationPath": "Server Migration Project Template",
        "System.WorkItemType": "Task",
        "System.State": "New",
        "System.Reason": "New",
        "System.CreatedDate": "2020-06-26T10:56:34.94Z",
        "System.CreatedBy": "viswanadham kvn <kvn.shp10@outlook.com>",
        "System.ChangedDate": "2020-06-26T10:56:34.94Z",
        "System.ChangedBy": "viswanadham kvn <kvn.shp10@outlook.com>",
        "System.Title": "Migration: Application Integration",
        "Microsoft.VSTS.Scheduling.Effort": 0.0,
        "System.Description": null,
        "System.AssignedTo": null,
        "Microsoft.VSTS.Scheduling.RemainingWork": 0.0,
        "Microsoft.VSTS.Common.Priority": 2.0,
        "System.BoardLane": null,
        "System.Tags": null,
        "Microsoft.VSTS.TCM.Steps": null,
        "Microsoft.VSTS.TCM.Parameters": null,
        "Microsoft.VSTS.TCM.LocalDataSource": null,
        "Microsoft.VSTS.TCM.AutomationStatus": null,
        "System.History": null
      },
      "relations": [
        {
          "rel": "System.LinkTypes.Hierarchy-Reverse",
          "url": "https://dev.azure.com/kvnshp10/_apis/wit/workItems/733",
          "attributes": {
            "isLocked": "false",
            "name": "Parent"
          }
        }
      ],
      "url": "https://dev.azure.com/kvnshp10/_apis/wit/workItems/768"
    },
    {
      "id": 767,
      "rev": 1,
      "fields": {
        "System.AreaPath": "Server Migration Project Template",
        "System.TeamProject": "Server Migration Project Template",
        "System.IterationPath": "Server Migration Project Template",
        "System.WorkItemType": "Task",
        "System.State": "New",
        "System.Reason": "New",
        "System.CreatedDate": "2020-06-26T10:56:21.577Z",
        "System.CreatedBy": "viswanadham kvn <kvn.shp10@outlook.com>",
        "System.ChangedDate": "2020-06-26T10:56:21.577Z",
        "System.ChangedBy": "viswanadham kvn <kvn.shp10@outlook.com>",
        "System.Title": "Migration: Infrastructure Integration",
        "Microsoft.VSTS.Scheduling.Effort": 0.0,
        "System.Description": null,
        "System.AssignedTo": null,
        "Microsoft.VSTS.Scheduling.RemainingWork": 0.0,
        "Microsoft.VSTS.Common.Priority": 2.0,
        "System.BoardLane": null,
        "System.Tags": null,
        "Microsoft.VSTS.TCM.Steps": null,
        "Microsoft.VSTS.TCM.Parameters": null,
        "Microsoft.VSTS.TCM.LocalDataSource": null,
        "Microsoft.VSTS.TCM.AutomationStatus": null,
        "System.History": null
      },
      "relations": [
        {
          "rel": "System.LinkTypes.Hierarchy-Reverse",
          "url": "https://dev.azure.com/kvnshp10/_apis/wit/workItems/733",
          "attributes": {
            "isLocked": "false",
            "name": "Parent"
          }
        }
      ],
      "url": "https://dev.azure.com/kvnshp10/_apis/wit/workItems/767"
    },
    {
      "id": 766,
      "rev": 1,
      "fields": {
        "System.AreaPath": "Server Migration Project Template",
        "System.TeamProject": "Server Migration Project Template",
        "System.IterationPath": "Server Migration Project Template",
        "System.WorkItemType": "Task",
        "System.State": "New",
        "System.Reason": "New",
        "System.CreatedDate": "2020-06-26T10:56:08.92Z",
        "System.CreatedBy": "viswanadham kvn <kvn.shp10@outlook.com>",
        "System.ChangedDate": "2020-06-26T10:56:08.92Z",
        "System.ChangedBy": "viswanadham kvn <kvn.shp10@outlook.com>",
        "System.Title": "Migration: Deployment",
        "Microsoft.VSTS.Scheduling.Effort": 0.0,
        "System.Description": null,
        "System.AssignedTo": null,
        "Microsoft.VSTS.Scheduling.RemainingWork": 0.0,
        "Microsoft.VSTS.Common.Priority": 2.0,
        "System.BoardLane": null,
        "System.Tags": null,
        "Microsoft.VSTS.TCM.Steps": null,
        "Microsoft.VSTS.TCM.Parameters": null,
        "Microsoft.VSTS.TCM.LocalDataSource": null,
        "Microsoft.VSTS.TCM.AutomationStatus": null,
        "System.History": null
      },
      "relations": [
        {
          "rel": "System.LinkTypes.Hierarchy-Reverse",
          "url": "https://dev.azure.com/kvnshp10/_apis/wit/workItems/733",
          "attributes": {
            "isLocked": "false",
            "name": "Parent"
          }
        }
      ],
      "url": "https://dev.azure.com/kvnshp10/_apis/wit/workItems/766"
    },
    {
      "id": 765,
      "rev": 1,
      "fields": {
        "System.AreaPath": "Server Migration Project Template",
        "System.TeamProject": "Server Migration Project Template",
        "System.IterationPath": "Server Migration Project Template",
        "System.WorkItemType": "Task",
        "System.State": "New",
        "System.Reason": "New",
        "System.CreatedDate": "2020-06-26T10:55:57.353Z",
        "System.CreatedBy": "viswanadham kvn <kvn.shp10@outlook.com>",
        "System.ChangedDate": "2020-06-26T10:55:57.353Z",
        "System.ChangedBy": "viswanadham kvn <kvn.shp10@outlook.com>",
        "System.Title": "Migration Strategy",
        "Microsoft.VSTS.Scheduling.Effort": 0.0,
        "System.Description": null,
        "System.AssignedTo": null,
        "Microsoft.VSTS.Scheduling.RemainingWork": 0.0,
        "Microsoft.VSTS.Common.Priority": 2.0,
        "System.BoardLane": null,
        "System.Tags": null,
        "Microsoft.VSTS.TCM.Steps": null,
        "Microsoft.VSTS.TCM.Parameters": null,
        "Microsoft.VSTS.TCM.LocalDataSource": null,
        "Microsoft.VSTS.TCM.AutomationStatus": null,
        "System.History": null
      },
      "relations": [
        {
          "rel": "System.LinkTypes.Hierarchy-Reverse",
          "url": "https://dev.azure.com/kvnshp10/_apis/wit/workItems/733",
          "attributes": {
            "isLocked": "false",
            "name": "Parent"
          }
        }
      ],
      "url": "https://dev.azure.com/kvnshp10/_apis/wit/workItems/765"
    },
    {
      "id": 764,
      "rev": 1,
      "fields": {
        "System.AreaPath": "Server Migration Project Template",
        "System.TeamProject": "Server Migration Project Template",
        "System.IterationPath": "Server Migration Project Template",
        "System.WorkItemType": "Task",
        "System.State": "New",
        "System.Reason": "New",
        "System.CreatedDate": "2020-06-26T10:55:43.193Z",
        "System.CreatedBy": "viswanadham kvn <kvn.shp10@outlook.com>",
        "System.ChangedDate": "2020-06-26T10:55:43.193Z",
        "System.ChangedBy": "viswanadham kvn <kvn.shp10@outlook.com>",
        "System.Title": "Migration Pre-requirement configuration and validation",
        "Microsoft.VSTS.Scheduling.Effort": 0.0,
        "System.Description": null,
        "System.AssignedTo": null,
        "Microsoft.VSTS.Scheduling.RemainingWork": 0.0,
        "Microsoft.VSTS.Common.Priority": 2.0,
        "System.BoardLane": null,
        "System.Tags": null,
        "Microsoft.VSTS.TCM.Steps": null,
        "Microsoft.VSTS.TCM.Parameters": null,
        "Microsoft.VSTS.TCM.LocalDataSource": null,
        "Microsoft.VSTS.TCM.AutomationStatus": null,
        "System.History": null
      },
      "relations": [
        {
          "rel": "System.LinkTypes.Hierarchy-Reverse",
          "url": "https://dev.azure.com/kvnshp10/_apis/wit/workItems/733",
          "attributes": {
            "isLocked": "false",
            "name": "Parent"
          }
        }
      ],
      "url": "https://dev.azure.com/kvnshp10/_apis/wit/workItems/764"
    },
    {
      "id": 763,
      "rev": 1,
      "fields": {
        "System.AreaPath": "Server Migration Project Template",
        "System.TeamProject": "Server Migration Project Template",
        "System.IterationPath": "Server Migration Project Template",
        "System.WorkItemType": "Task",
        "System.State": "New",
        "System.Reason": "New",
        "System.CreatedDate": "2020-06-26T10:53:26.663Z",
        "System.CreatedBy": "viswanadham kvn <kvn.shp10@outlook.com>",
        "System.ChangedDate": "2020-06-26T10:53:26.663Z",
        "System.ChangedBy": "viswanadham kvn <kvn.shp10@outlook.com>",
        "System.Title": "Cost and Billing of Azure resources",
        "Microsoft.VSTS.Scheduling.Effort": 0.0,
        "System.Description": null,
        "System.AssignedTo": null,
        "Microsoft.VSTS.Scheduling.RemainingWork": 0.0,
        "Microsoft.VSTS.Common.Priority": 2.0,
        "System.BoardLane": null,
        "System.Tags": null,
        "Microsoft.VSTS.TCM.Steps": null,
        "Microsoft.VSTS.TCM.Parameters": null,
        "Microsoft.VSTS.TCM.LocalDataSource": null,
        "Microsoft.VSTS.TCM.AutomationStatus": null,
        "System.History": null
      },
      "relations": [
        {
          "rel": "System.LinkTypes.Hierarchy-Reverse",
          "url": "https://dev.azure.com/kvnshp10/_apis/wit/workItems/731",
          "attributes": {
            "isLocked": "false",
            "name": "Parent"
          }
        }
      ],
      "url": "https://dev.azure.com/kvnshp10/_apis/wit/workItems/763"
    },
    {
      "id": 762,
      "rev": 1,
      "fields": {
        "System.AreaPath": "Server Migration Project Template",
        "System.TeamProject": "Server Migration Project Template",
        "System.IterationPath": "Server Migration Project Template",
        "System.WorkItemType": "Task",
        "System.State": "New",
        "System.Reason": "New",
        "System.CreatedDate": "2020-06-26T10:53:11.15Z",
        "System.CreatedBy": "viswanadham kvn <kvn.shp10@outlook.com>",
        "System.ChangedDate": "2020-06-26T10:53:11.15Z",
        "System.ChangedBy": "viswanadham kvn <kvn.shp10@outlook.com>",
        "System.Title": "Site-to-Site Connectivity Summary",
        "Microsoft.VSTS.Scheduling.Effort": 0.0,
        "System.Description": null,
        "System.AssignedTo": null,
        "Microsoft.VSTS.Scheduling.RemainingWork": 0.0,
        "Microsoft.VSTS.Common.Priority": 2.0,
        "System.BoardLane": null,
        "System.Tags": null,
        "Microsoft.VSTS.TCM.Steps": null,
        "Microsoft.VSTS.TCM.Parameters": null,
        "Microsoft.VSTS.TCM.LocalDataSource": null,
        "Microsoft.VSTS.TCM.AutomationStatus": null,
        "System.History": null
      },
      "relations": [
        {
          "rel": "System.LinkTypes.Hierarchy-Reverse",
          "url": "https://dev.azure.com/kvnshp10/_apis/wit/workItems/731",
          "attributes": {
            "isLocked": "false",
            "name": "Parent"
          }
        }
      ],
      "url": "https://dev.azure.com/kvnshp10/_apis/wit/workItems/762"
    },
    {
      "id": 761,
      "rev": 1,
      "fields": {
        "System.AreaPath": "Server Migration Project Template",
        "System.TeamProject": "Server Migration Project Template",
        "System.IterationPath": "Server Migration Project Template",
        "System.WorkItemType": "Task",
        "System.State": "New",
        "System.Reason": "New",
        "System.CreatedDate": "2020-06-26T10:52:59.157Z",
        "System.CreatedBy": "viswanadham kvn <kvn.shp10@outlook.com>",
        "System.ChangedDate": "2020-06-26T10:52:59.157Z",
        "System.ChangedBy": "viswanadham kvn <kvn.shp10@outlook.com>",
        "System.Title": "Azure Migration Readiness",
        "Microsoft.VSTS.Scheduling.Effort": 0.0,
        "System.Description": null,
        "System.AssignedTo": null,
        "Microsoft.VSTS.Scheduling.RemainingWork": 0.0,
        "Microsoft.VSTS.Common.Priority": 2.0,
        "System.BoardLane": null,
        "System.Tags": null,
        "Microsoft.VSTS.TCM.Steps": null,
        "Microsoft.VSTS.TCM.Parameters": null,
        "Microsoft.VSTS.TCM.LocalDataSource": null,
        "Microsoft.VSTS.TCM.AutomationStatus": null,
        "System.History": null
      },
      "relations": [
        {
          "rel": "System.LinkTypes.Hierarchy-Reverse",
          "url": "https://dev.azure.com/kvnshp10/_apis/wit/workItems/731",
          "attributes": {
            "isLocked": "false",
            "name": "Parent"
          }
        }
      ],
      "url": "https://dev.azure.com/kvnshp10/_apis/wit/workItems/761"
    },
    {
      "id": 760,
      "rev": 1,
      "fields": {
        "System.AreaPath": "Server Migration Project Template",
        "System.TeamProject": "Server Migration Project Template",
        "System.IterationPath": "Server Migration Project Template",
        "System.WorkItemType": "Task",
        "System.State": "New",
        "System.Reason": "New",
        "System.CreatedDate": "2020-06-26T10:52:36.783Z",
        "System.CreatedBy": "viswanadham kvn <kvn.shp10@outlook.com>",
        "System.ChangedDate": "2020-06-26T10:52:36.783Z",
        "System.ChangedBy": "viswanadham kvn <kvn.shp10@outlook.com>",
        "System.Title": "Azure tools and Approaches",
        "Microsoft.VSTS.Scheduling.Effort": 0.0,
        "System.Description": null,
        "System.AssignedTo": null,
        "Microsoft.VSTS.Scheduling.RemainingWork": 0.0,
        "Microsoft.VSTS.Common.Priority": 2.0,
        "System.BoardLane": null,
        "System.Tags": null,
        "Microsoft.VSTS.TCM.Steps": null,
        "Microsoft.VSTS.TCM.Parameters": null,
        "Microsoft.VSTS.TCM.LocalDataSource": null,
        "Microsoft.VSTS.TCM.AutomationStatus": null,
        "System.History": null
      },
      "relations": [
        {
          "rel": "System.LinkTypes.Hierarchy-Reverse",
          "url": "https://dev.azure.com/kvnshp10/_apis/wit/workItems/731",
          "attributes": {
            "isLocked": "false",
            "name": "Parent"
          }
        }
      ],
      "url": "https://dev.azure.com/kvnshp10/_apis/wit/workItems/760"
    },
    {
      "id": 759,
      "rev": 1,
      "fields": {
        "System.AreaPath": "Server Migration Project Template",
        "System.TeamProject": "Server Migration Project Template",
        "System.IterationPath": "Server Migration Project Template",
        "System.WorkItemType": "Task",
        "System.State": "New",
        "System.Reason": "New",
        "System.CreatedDate": "2020-06-26T10:52:22.613Z",
        "System.CreatedBy": "viswanadham kvn <kvn.shp10@outlook.com>",
        "System.ChangedDate": "2020-06-26T10:52:22.613Z",
        "System.ChangedBy": "viswanadham kvn <kvn.shp10@outlook.com>",
        "System.Title": "Managing Access",
        "Microsoft.VSTS.Scheduling.Effort": 0.0,
        "System.Description": null,
        "System.AssignedTo": null,
        "Microsoft.VSTS.Scheduling.RemainingWork": 0.0,
        "Microsoft.VSTS.Common.Priority": 2.0,
        "System.BoardLane": null,
        "System.Tags": null,
        "Microsoft.VSTS.TCM.Steps": null,
        "Microsoft.VSTS.TCM.Parameters": null,
        "Microsoft.VSTS.TCM.LocalDataSource": null,
        "Microsoft.VSTS.TCM.AutomationStatus": null,
        "System.History": null
      },
      "relations": [
        {
          "rel": "System.LinkTypes.Hierarchy-Reverse",
          "url": "https://dev.azure.com/kvnshp10/_apis/wit/workItems/731",
          "attributes": {
            "isLocked": "false",
            "name": "Parent"
          }
        }
      ],
      "url": "https://dev.azure.com/kvnshp10/_apis/wit/workItems/759"
    },
    {
      "id": 758,
      "rev": 1,
      "fields": {
        "System.AreaPath": "Server Migration Project Template",
        "System.TeamProject": "Server Migration Project Template",
        "System.IterationPath": "Server Migration Project Template",
        "System.WorkItemType": "Task",
        "System.State": "New",
        "System.Reason": "New",
        "System.CreatedDate": "2020-06-26T10:52:09.82Z",
        "System.CreatedBy": "viswanadham kvn <kvn.shp10@outlook.com>",
        "System.ChangedDate": "2020-06-26T10:52:09.82Z",
        "System.ChangedBy": "viswanadham kvn <kvn.shp10@outlook.com>",
        "System.Title": "Azure Role Based Access",
        "Microsoft.VSTS.Scheduling.Effort": 0.0,
        "System.Description": null,
        "System.AssignedTo": null,
        "Microsoft.VSTS.Scheduling.RemainingWork": 0.0,
        "Microsoft.VSTS.Common.Priority": 2.0,
        "System.BoardLane": null,
        "System.Tags": null,
        "Microsoft.VSTS.TCM.Steps": null,
        "Microsoft.VSTS.TCM.Parameters": null,
        "Microsoft.VSTS.TCM.LocalDataSource": null,
        "Microsoft.VSTS.TCM.AutomationStatus": null,
        "System.History": null
      },
      "relations": [
        {
          "rel": "System.LinkTypes.Hierarchy-Reverse",
          "url": "https://dev.azure.com/kvnshp10/_apis/wit/workItems/731",
          "attributes": {
            "isLocked": "false",
            "name": "Parent"
          }
        }
      ],
      "url": "https://dev.azure.com/kvnshp10/_apis/wit/workItems/758"
    },
    {
      "id": 757,
      "rev": 1,
      "fields": {
        "System.AreaPath": "Server Migration Project Template",
        "System.TeamProject": "Server Migration Project Template",
        "System.IterationPath": "Server Migration Project Template",
        "System.WorkItemType": "Task",
        "System.State": "New",
        "System.Reason": "New",
        "System.CreatedDate": "2020-06-26T10:51:54.903Z",
        "System.CreatedBy": "viswanadham kvn <kvn.shp10@outlook.com>",
        "System.ChangedDate": "2020-06-26T10:51:54.903Z",
        "System.ChangedBy": "viswanadham kvn <kvn.shp10@outlook.com>",
        "System.Title": "Azure Subscription target",
        "Microsoft.VSTS.Scheduling.Effort": 0.0,
        "System.Description": null,
        "System.AssignedTo": null,
        "Microsoft.VSTS.Scheduling.RemainingWork": 0.0,
        "Microsoft.VSTS.Common.Priority": 2.0,
        "System.BoardLane": null,
        "System.Tags": null,
        "Microsoft.VSTS.TCM.Steps": null,
        "Microsoft.VSTS.TCM.Parameters": null,
        "Microsoft.VSTS.TCM.LocalDataSource": null,
        "Microsoft.VSTS.TCM.AutomationStatus": null,
        "System.History": null
      },
      "relations": [
        {
          "rel": "System.LinkTypes.Hierarchy-Reverse",
          "url": "https://dev.azure.com/kvnshp10/_apis/wit/workItems/731",
          "attributes": {
            "isLocked": "false",
            "name": "Parent"
          }
        }
      ],
      "url": "https://dev.azure.com/kvnshp10/_apis/wit/workItems/757"
    },
    {
      "id": 756,
      "rev": 1,
      "fields": {
        "System.AreaPath": "Server Migration Project Template",
        "System.TeamProject": "Server Migration Project Template",
        "System.IterationPath": "Server Migration Project Template",
        "System.WorkItemType": "Task",
        "System.State": "New",
        "System.Reason": "New",
        "System.CreatedDate": "2020-06-26T10:51:34.757Z",
        "System.CreatedBy": "viswanadham kvn <kvn.shp10@outlook.com>",
        "System.ChangedDate": "2020-06-26T10:51:34.757Z",
        "System.ChangedBy": "viswanadham kvn <kvn.shp10@outlook.com>",
        "System.Title": "Azure Cloud Resources",
        "Microsoft.VSTS.Scheduling.Effort": 0.0,
        "System.Description": null,
        "System.AssignedTo": null,
        "Microsoft.VSTS.Scheduling.RemainingWork": 0.0,
        "Microsoft.VSTS.Common.Priority": 2.0,
        "System.BoardLane": null,
        "System.Tags": null,
        "Microsoft.VSTS.TCM.Steps": null,
        "Microsoft.VSTS.TCM.Parameters": null,
        "Microsoft.VSTS.TCM.LocalDataSource": null,
        "Microsoft.VSTS.TCM.AutomationStatus": null,
        "System.History": null
      },
      "relations": [
        {
          "rel": "System.LinkTypes.Hierarchy-Reverse",
          "url": "https://dev.azure.com/kvnshp10/_apis/wit/workItems/731",
          "attributes": {
            "isLocked": "false",
            "name": "Parent"
          }
        }
      ],
      "url": "https://dev.azure.com/kvnshp10/_apis/wit/workItems/756"
    },
    {
      "id": 755,
      "rev": 1,
      "fields": {
        "System.AreaPath": "Server Migration Project Template",
        "System.TeamProject": "Server Migration Project Template",
        "System.IterationPath": "Server Migration Project Template",
        "System.WorkItemType": "Task",
        "System.State": "New",
        "System.Reason": "New",
        "System.CreatedDate": "2020-06-26T10:51:24.383Z",
        "System.CreatedBy": "viswanadham kvn <kvn.shp10@outlook.com>",
        "System.ChangedDate": "2020-06-26T10:51:24.383Z",
        "System.ChangedBy": "viswanadham kvn <kvn.shp10@outlook.com>",
        "System.Title": "Azure Setup and Configuration",
        "Microsoft.VSTS.Scheduling.Effort": 0.0,
        "System.Description": null,
        "System.AssignedTo": null,
        "Microsoft.VSTS.Scheduling.RemainingWork": 0.0,
        "Microsoft.VSTS.Common.Priority": 2.0,
        "System.BoardLane": null,
        "System.Tags": null,
        "Microsoft.VSTS.TCM.Steps": null,
        "Microsoft.VSTS.TCM.Parameters": null,
        "Microsoft.VSTS.TCM.LocalDataSource": null,
        "Microsoft.VSTS.TCM.AutomationStatus": null,
        "System.History": null
      },
      "relations": [
        {
          "rel": "System.LinkTypes.Hierarchy-Reverse",
          "url": "https://dev.azure.com/kvnshp10/_apis/wit/workItems/731",
          "attributes": {
            "isLocked": "false",
            "name": "Parent"
          }
        }
      ],
      "url": "https://dev.azure.com/kvnshp10/_apis/wit/workItems/755"
    },
    {
      "id": 754,
      "rev": 1,
      "fields": {
        "System.AreaPath": "Server Migration Project Template",
        "System.TeamProject": "Server Migration Project Template",
        "System.IterationPath": "Server Migration Project Template",
        "System.WorkItemType": "Task",
        "System.State": "New",
        "System.Reason": "New",
        "System.CreatedDate": "2020-06-26T10:51:12.633Z",
        "System.CreatedBy": "viswanadham kvn <kvn.shp10@outlook.com>",
        "System.ChangedDate": "2020-06-26T10:51:12.633Z",
        "System.ChangedBy": "viswanadham kvn <kvn.shp10@outlook.com>",
        "System.Title": "Prep on-prem Infrastructure",
        "Microsoft.VSTS.Scheduling.Effort": 0.0,
        "System.Description": null,
        "System.AssignedTo": null,
        "Microsoft.VSTS.Scheduling.RemainingWork": 0.0,
        "Microsoft.VSTS.Common.Priority": 2.0,
        "System.BoardLane": null,
        "System.Tags": null,
        "Microsoft.VSTS.TCM.Steps": null,
        "Microsoft.VSTS.TCM.Parameters": null,
        "Microsoft.VSTS.TCM.LocalDataSource": null,
        "Microsoft.VSTS.TCM.AutomationStatus": null,
        "System.History": null
      },
      "relations": [
        {
          "rel": "System.LinkTypes.Hierarchy-Reverse",
          "url": "https://dev.azure.com/kvnshp10/_apis/wit/workItems/731",
          "attributes": {
            "isLocked": "false",
            "name": "Parent"
          }
        }
      ],
      "url": "https://dev.azure.com/kvnshp10/_apis/wit/workItems/754"
    },
    {
      "id": 753,
      "rev": 1,
      "fields": {
        "System.AreaPath": "Server Migration Project Template",
        "System.TeamProject": "Server Migration Project Template",
        "System.IterationPath": "Server Migration Project Template",
        "System.WorkItemType": "Task",
        "System.State": "New",
        "System.Reason": "New",
        "System.CreatedDate": "2020-06-26T10:49:09.137Z",
        "System.CreatedBy": "viswanadham kvn <kvn.shp10@outlook.com>",
        "System.ChangedDate": "2020-06-26T10:49:09.137Z",
        "System.ChangedBy": "viswanadham kvn <kvn.shp10@outlook.com>",
        "System.Title": "Create Pre-configuration documentation and Change Request",
        "Microsoft.VSTS.Scheduling.Effort": 0.0,
        "System.Description": null,
        "System.AssignedTo": null,
        "Microsoft.VSTS.Scheduling.RemainingWork": 0.0,
        "Microsoft.VSTS.Common.Priority": 2.0,
        "System.BoardLane": null,
        "System.Tags": null,
        "Microsoft.VSTS.TCM.Steps": null,
        "Microsoft.VSTS.TCM.Parameters": null,
        "Microsoft.VSTS.TCM.LocalDataSource": null,
        "Microsoft.VSTS.TCM.AutomationStatus": null,
        "System.History": null
      },
      "relations": [
        {
          "rel": "System.LinkTypes.Hierarchy-Reverse",
          "url": "https://dev.azure.com/kvnshp10/_apis/wit/workItems/731",
          "attributes": {
            "isLocked": "false",
            "name": "Parent"
          }
        }
      ],
      "url": "https://dev.azure.com/kvnshp10/_apis/wit/workItems/753"
    },
    {
      "id": 752,
      "rev": 1,
      "fields": {
        "System.AreaPath": "Server Migration Project Template",
        "System.TeamProject": "Server Migration Project Template",
        "System.IterationPath": "Server Migration Project Template",
        "System.WorkItemType": "Task",
        "System.State": "New",
        "System.Reason": "New",
        "System.CreatedDate": "2020-06-26T10:48:40.27Z",
        "System.CreatedBy": "viswanadham kvn <kvn.shp10@outlook.com>",
        "System.ChangedDate": "2020-06-26T10:48:40.27Z",
        "System.ChangedBy": "viswanadham kvn <kvn.shp10@outlook.com>",
        "System.Title": "Planning, Assessment & Designing review and Sign Off",
        "Microsoft.VSTS.Scheduling.Effort": 0.0,
        "System.Description": null,
        "System.AssignedTo": null,
        "Microsoft.VSTS.Scheduling.RemainingWork": 0.0,
        "Microsoft.VSTS.Common.Priority": 2.0,
        "System.BoardLane": null,
        "System.Tags": null,
        "Microsoft.VSTS.TCM.Steps": null,
        "Microsoft.VSTS.TCM.Parameters": null,
        "Microsoft.VSTS.TCM.LocalDataSource": null,
        "Microsoft.VSTS.TCM.AutomationStatus": null,
        "System.History": null
      },
      "relations": [
        {
          "rel": "System.LinkTypes.Hierarchy-Reverse",
          "url": "https://dev.azure.com/kvnshp10/_apis/wit/workItems/730",
          "attributes": {
            "isLocked": "false",
            "name": "Parent"
          }
        }
      ],
      "url": "https://dev.azure.com/kvnshp10/_apis/wit/workItems/752"
    },
    {
      "id": 751,
      "rev": 1,
      "fields": {
        "System.AreaPath": "Server Migration Project Template",
        "System.TeamProject": "Server Migration Project Template",
        "System.IterationPath": "Server Migration Project Template",
        "System.WorkItemType": "Task",
        "System.State": "New",
        "System.Reason": "New",
        "System.CreatedDate": "2020-06-26T10:48:18.567Z",
        "System.CreatedBy": "viswanadham kvn <kvn.shp10@outlook.com>",
        "System.ChangedDate": "2020-06-26T10:48:18.567Z",
        "System.ChangedBy": "viswanadham kvn <kvn.shp10@outlook.com>",
        "System.Title": "Security and Risk Assessment",
        "Microsoft.VSTS.Scheduling.Effort": 0.0,
        "System.Description": null,
        "System.AssignedTo": null,
        "Microsoft.VSTS.Scheduling.RemainingWork": 0.0,
        "Microsoft.VSTS.Common.Priority": 2.0,
        "System.BoardLane": null,
        "System.Tags": null,
        "Microsoft.VSTS.TCM.Steps": null,
        "Microsoft.VSTS.TCM.Parameters": null,
        "Microsoft.VSTS.TCM.LocalDataSource": null,
        "Microsoft.VSTS.TCM.AutomationStatus": null,
        "System.History": null
      },
      "relations": [
        {
          "rel": "System.LinkTypes.Hierarchy-Reverse",
          "url": "https://dev.azure.com/kvnshp10/_apis/wit/workItems/730",
          "attributes": {
            "isLocked": "false",
            "name": "Parent"
          }
        }
      ],
      "url": "https://dev.azure.com/kvnshp10/_apis/wit/workItems/751"
    },
    {
      "id": 750,
      "rev": 1,
      "fields": {
        "System.AreaPath": "Server Migration Project Template",
        "System.TeamProject": "Server Migration Project Template",
        "System.IterationPath": "Server Migration Project Template",
        "System.WorkItemType": "Task",
        "System.State": "New",
        "System.Reason": "New",
        "System.CreatedDate": "2020-06-26T10:47:57.4Z",
        "System.CreatedBy": "viswanadham kvn <kvn.shp10@outlook.com>",
        "System.ChangedDate": "2020-06-26T10:47:57.4Z",
        "System.ChangedBy": "viswanadham kvn <kvn.shp10@outlook.com>",
        "System.Title": "Network Topology Designing",
        "Microsoft.VSTS.Scheduling.Effort": 0.0,
        "System.Description": null,
        "System.AssignedTo": null,
        "Microsoft.VSTS.Scheduling.RemainingWork": 0.0,
        "Microsoft.VSTS.Common.Priority": 2.0,
        "System.BoardLane": null,
        "System.Tags": null,
        "Microsoft.VSTS.TCM.Steps": null,
        "Microsoft.VSTS.TCM.Parameters": null,
        "Microsoft.VSTS.TCM.LocalDataSource": null,
        "Microsoft.VSTS.TCM.AutomationStatus": null,
        "System.History": null
      },
      "relations": [
        {
          "rel": "System.LinkTypes.Hierarchy-Reverse",
          "url": "https://dev.azure.com/kvnshp10/_apis/wit/workItems/730",
          "attributes": {
            "isLocked": "false",
            "name": "Parent"
          }
        }
      ],
      "url": "https://dev.azure.com/kvnshp10/_apis/wit/workItems/750"
    },
    {
      "id": 749,
      "rev": 1,
      "fields": {
        "System.AreaPath": "Server Migration Project Template",
        "System.TeamProject": "Server Migration Project Template",
        "System.IterationPath": "Server Migration Project Template",
        "System.WorkItemType": "Task",
        "System.State": "New",
        "System.Reason": "New",
        "System.CreatedDate": "2020-06-26T10:47:37.177Z",
        "System.CreatedBy": "viswanadham kvn <kvn.shp10@outlook.com>",
        "System.ChangedDate": "2020-06-26T10:47:37.177Z",
        "System.ChangedBy": "viswanadham kvn <kvn.shp10@outlook.com>",
        "System.Title": "Detailed migration plan and effort documentation",
        "Microsoft.VSTS.Scheduling.Effort": 0.0,
        "System.Description": null,
        "System.AssignedTo": null,
        "Microsoft.VSTS.Scheduling.RemainingWork": 0.0,
        "Microsoft.VSTS.Common.Priority": 2.0,
        "System.BoardLane": null,
        "System.Tags": null,
        "Microsoft.VSTS.TCM.Steps": null,
        "Microsoft.VSTS.TCM.Parameters": null,
        "Microsoft.VSTS.TCM.LocalDataSource": null,
        "Microsoft.VSTS.TCM.AutomationStatus": null,
        "System.History": null
      },
      "relations": [
        {
          "rel": "System.LinkTypes.Hierarchy-Reverse",
          "url": "https://dev.azure.com/kvnshp10/_apis/wit/workItems/730",
          "attributes": {
            "isLocked": "false",
            "name": "Parent"
          }
        }
      ],
      "url": "https://dev.azure.com/kvnshp10/_apis/wit/workItems/749"
    },
    {
      "id": 748,
      "rev": 1,
      "fields": {
        "System.AreaPath": "Server Migration Project Template",
        "System.TeamProject": "Server Migration Project Template",
        "System.IterationPath": "Server Migration Project Template",
        "System.WorkItemType": "Task",
        "System.State": "New",
        "System.Reason": "New",
        "System.CreatedDate": "2020-06-26T10:44:19.827Z",
        "System.CreatedBy": "viswanadham kvn <kvn.shp10@outlook.com>",
        "System.ChangedDate": "2020-06-26T10:44:19.827Z",
        "System.ChangedBy": "viswanadham kvn <kvn.shp10@outlook.com>",
        "System.Title": "Develop Cloud Adoption plan",
        "Microsoft.VSTS.Scheduling.Effort": 0.0,
        "System.Description": null,
        "System.AssignedTo": null,
        "Microsoft.VSTS.Scheduling.RemainingWork": 0.0,
        "Microsoft.VSTS.Common.Priority": 2.0,
        "System.BoardLane": null,
        "System.Tags": null,
        "Microsoft.VSTS.TCM.Steps": null,
        "Microsoft.VSTS.TCM.Parameters": null,
        "Microsoft.VSTS.TCM.LocalDataSource": null,
        "Microsoft.VSTS.TCM.AutomationStatus": null,
        "System.History": null
      },
      "relations": [
        {
          "rel": "System.LinkTypes.Hierarchy-Reverse",
          "url": "https://dev.azure.com/kvnshp10/_apis/wit/workItems/729",
          "attributes": {
            "isLocked": "false",
            "name": "Parent"
          }
        }
      ],
      "url": "https://dev.azure.com/kvnshp10/_apis/wit/workItems/748"
    },
    {
      "id": 747,
      "rev": 1,
      "fields": {
        "System.AreaPath": "Server Migration Project Template",
        "System.TeamProject": "Server Migration Project Template",
        "System.IterationPath": "Server Migration Project Template",
        "System.WorkItemType": "Task",
        "System.State": "New",
        "System.Reason": "New",
        "System.CreatedDate": "2020-06-26T10:44:03.94Z",
        "System.CreatedBy": "viswanadham kvn <kvn.shp10@outlook.com>",
        "System.ChangedDate": "2020-06-26T10:44:03.94Z",
        "System.ChangedBy": "viswanadham kvn <kvn.shp10@outlook.com>",
        "System.Title": "Business logic and Infrastructure dependencies",
        "Microsoft.VSTS.Scheduling.Effort": 0.0,
        "System.Description": null,
        "System.AssignedTo": null,
        "Microsoft.VSTS.Scheduling.RemainingWork": 0.0,
        "Microsoft.VSTS.Common.Priority": 2.0,
        "System.BoardLane": null,
        "System.Tags": null,
        "Microsoft.VSTS.TCM.Steps": null,
        "Microsoft.VSTS.TCM.Parameters": null,
        "Microsoft.VSTS.TCM.LocalDataSource": null,
        "Microsoft.VSTS.TCM.AutomationStatus": null,
        "System.History": null
      },
      "relations": [
        {
          "rel": "System.LinkTypes.Hierarchy-Reverse",
          "url": "https://dev.azure.com/kvnshp10/_apis/wit/workItems/729",
          "attributes": {
            "isLocked": "false",
            "name": "Parent"
          }
        }
      ],
      "url": "https://dev.azure.com/kvnshp10/_apis/wit/workItems/747"
    },
    {
      "id": 746,
      "rev": 1,
      "fields": {
        "System.AreaPath": "Server Migration Project Template",
        "System.TeamProject": "Server Migration Project Template",
        "System.IterationPath": "Server Migration Project Template",
        "System.WorkItemType": "Task",
        "System.State": "New",
        "System.Reason": "New",
        "System.CreatedDate": "2020-06-26T10:43:42.897Z",
        "System.CreatedBy": "viswanadham kvn <kvn.shp10@outlook.com>",
        "System.ChangedDate": "2020-06-26T10:43:42.897Z",
        "System.ChangedBy": "viswanadham kvn <kvn.shp10@outlook.com>",
        "System.Title": "Data requirement and Classification",
        "Microsoft.VSTS.Scheduling.Effort": 0.0,
        "System.Description": null,
        "System.AssignedTo": null,
        "Microsoft.VSTS.Scheduling.RemainingWork": 0.0,
        "Microsoft.VSTS.Common.Priority": 2.0,
        "System.BoardLane": null,
        "System.Tags": null,
        "Microsoft.VSTS.TCM.Steps": null,
        "Microsoft.VSTS.TCM.Parameters": null,
        "Microsoft.VSTS.TCM.LocalDataSource": null,
        "Microsoft.VSTS.TCM.AutomationStatus": null,
        "System.History": null
      },
      "relations": [
        {
          "rel": "System.LinkTypes.Hierarchy-Reverse",
          "url": "https://dev.azure.com/kvnshp10/_apis/wit/workItems/729",
          "attributes": {
            "isLocked": "false",
            "name": "Parent"
          }
        }
      ],
      "url": "https://dev.azure.com/kvnshp10/_apis/wit/workItems/746"
    },
    {
      "id": 745,
      "rev": 1,
      "fields": {
        "System.AreaPath": "Server Migration Project Template",
        "System.TeamProject": "Server Migration Project Template",
        "System.IterationPath": "Server Migration Project Template",
        "System.WorkItemType": "Task",
        "System.State": "New",
        "System.Reason": "New",
        "System.CreatedDate": "2020-06-26T10:43:29.3Z",
        "System.CreatedBy": "viswanadham kvn <kvn.shp10@outlook.com>",
        "System.ChangedDate": "2020-06-26T10:43:29.3Z",
        "System.ChangedBy": "viswanadham kvn <kvn.shp10@outlook.com>",
        "System.Title": "Skills Readiness and Role Based Responsibilities",
        "Microsoft.VSTS.Scheduling.Effort": 0.0,
        "System.Description": null,
        "System.AssignedTo": null,
        "Microsoft.VSTS.Scheduling.RemainingWork": 0.0,
        "Microsoft.VSTS.Common.Priority": 2.0,
        "System.BoardLane": null,
        "System.Tags": null,
        "Microsoft.VSTS.TCM.Steps": null,
        "Microsoft.VSTS.TCM.Parameters": null,
        "Microsoft.VSTS.TCM.LocalDataSource": null,
        "Microsoft.VSTS.TCM.AutomationStatus": null,
        "System.History": null
      },
      "relations": [
        {
          "rel": "System.LinkTypes.Hierarchy-Reverse",
          "url": "https://dev.azure.com/kvnshp10/_apis/wit/workItems/729",
          "attributes": {
            "isLocked": "false",
            "name": "Parent"
          }
        }
      ],
      "url": "https://dev.azure.com/kvnshp10/_apis/wit/workItems/745"
    },
    {
      "id": 744,
      "rev": 1,
      "fields": {
        "System.AreaPath": "Server Migration Project Template",
        "System.TeamProject": "Server Migration Project Template",
        "System.IterationPath": "Server Migration Project Template",
        "System.WorkItemType": "Task",
        "System.State": "New",
        "System.Reason": "New",
        "System.CreatedDate": "2020-06-26T10:43:12.697Z",
        "System.CreatedBy": "viswanadham kvn <kvn.shp10@outlook.com>",
        "System.ChangedDate": "2020-06-26T10:43:12.697Z",
        "System.ChangedBy": "viswanadham kvn <kvn.shp10@outlook.com>",
        "System.Title": "Organizational alignment to support the Adaption plan",
        "Microsoft.VSTS.Scheduling.Effort": 0.0,
        "System.Description": null,
        "System.AssignedTo": null,
        "Microsoft.VSTS.Scheduling.RemainingWork": 0.0,
        "Microsoft.VSTS.Common.Priority": 2.0,
        "System.BoardLane": null,
        "System.Tags": null,
        "Microsoft.VSTS.TCM.Steps": null,
        "Microsoft.VSTS.TCM.Parameters": null,
        "Microsoft.VSTS.TCM.LocalDataSource": null,
        "Microsoft.VSTS.TCM.AutomationStatus": null,
        "System.History": null
      },
      "relations": [
        {
          "rel": "System.LinkTypes.Hierarchy-Reverse",
          "url": "https://dev.azure.com/kvnshp10/_apis/wit/workItems/729",
          "attributes": {
            "isLocked": "false",
            "name": "Parent"
          }
        }
      ],
      "url": "https://dev.azure.com/kvnshp10/_apis/wit/workItems/744"
    },
    {
      "id": 743,
      "rev": 1,
      "fields": {
        "System.AreaPath": "Server Migration Project Template",
        "System.TeamProject": "Server Migration Project Template",
        "System.IterationPath": "Server Migration Project Template",
        "System.WorkItemType": "Task",
        "System.State": "New",
        "System.Reason": "New",
        "System.CreatedDate": "2020-06-26T10:42:41.457Z",
        "System.CreatedBy": "viswanadham kvn <kvn.shp10@outlook.com>",
        "System.ChangedDate": "2020-06-26T10:42:41.457Z",
        "System.ChangedBy": "viswanadham kvn <kvn.shp10@outlook.com>",
        "System.Title": "Inventory and Rationalize Digital Estate",
        "Microsoft.VSTS.Scheduling.Effort": 0.0,
        "System.Description": null,
        "System.AssignedTo": null,
        "Microsoft.VSTS.Scheduling.RemainingWork": 0.0,
        "Microsoft.VSTS.Common.Priority": 2.0,
        "System.BoardLane": null,
        "System.Tags": null,
        "Microsoft.VSTS.TCM.Steps": null,
        "Microsoft.VSTS.TCM.Parameters": null,
        "Microsoft.VSTS.TCM.LocalDataSource": null,
        "Microsoft.VSTS.TCM.AutomationStatus": null,
        "System.History": null
      },
      "relations": [
        {
          "rel": "System.LinkTypes.Hierarchy-Reverse",
          "url": "https://dev.azure.com/kvnshp10/_apis/wit/workItems/728",
          "attributes": {
            "isLocked": "false",
            "name": "Parent"
          }
        }
      ],
      "url": "https://dev.azure.com/kvnshp10/_apis/wit/workItems/743"
    },
    {
      "id": 742,
      "rev": 1,
      "fields": {
        "System.AreaPath": "Server Migration Project Template",
        "System.TeamProject": "Server Migration Project Template",
        "System.IterationPath": "Server Migration Project Template",
        "System.WorkItemType": "Task",
        "System.State": "New",
        "System.Reason": "New",
        "System.CreatedDate": "2020-06-26T10:42:23.15Z",
        "System.CreatedBy": "viswanadham kvn <kvn.shp10@outlook.com>",
        "System.ChangedDate": "2020-06-26T10:42:23.15Z",
        "System.ChangedBy": "viswanadham kvn <kvn.shp10@outlook.com>",
        "System.Title": "Define Strategy CAF Plan Template",
        "Microsoft.VSTS.Scheduling.Effort": 0.0,
        "System.Description": null,
        "System.AssignedTo": null,
        "Microsoft.VSTS.Scheduling.RemainingWork": 0.0,
        "Microsoft.VSTS.Common.Priority": 2.0,
        "System.BoardLane": null,
        "System.Tags": null,
        "Microsoft.VSTS.TCM.Steps": null,
        "Microsoft.VSTS.TCM.Parameters": null,
        "Microsoft.VSTS.TCM.LocalDataSource": null,
        "Microsoft.VSTS.TCM.AutomationStatus": null,
        "System.History": null
      },
      "relations": [
        {
          "rel": "System.LinkTypes.Hierarchy-Reverse",
          "url": "https://dev.azure.com/kvnshp10/_apis/wit/workItems/728",
          "attributes": {
            "isLocked": "false",
            "name": "Parent"
          }
        }
      ],
      "url": "https://dev.azure.com/kvnshp10/_apis/wit/workItems/742"
    }
  ],
  "HttpStatusCode": 0,
  "Message": null
}